CST6CDT	CST6CDT
HST	HST
GMT+9	Etc/GMT+9
GMT+5	Etc/GMT+5
GMT-6	Etc/GMT-6
UTC	Etc/UTC
GMT+0	Etc/GMT+0
GMT-4	Etc/GMT-4
GMT+1	Etc/GMT+1
GMT+8	Etc/GMT+8
GMT+11	Etc/GMT+11
Zulu	Etc/Zulu
GMT+3	Etc/GMT+3
GMT-7	Etc/GMT-7
GMT-1	Etc/GMT-1
GMT-2	Etc/GMT-2
GMT+4	Etc/GMT+4
GMT-10	Etc/GMT-10
GMT+6	Etc/GMT+6
GMT0	Etc/GMT0
GMT-12	Etc/GMT-12
GMT-9	Etc/GMT-9
GMT+2	Etc/GMT+2
UCT	Etc/UCT
GMT-0	Etc/GMT-0
Universal	Etc/Universal
GMT+12	Etc/GMT+12
GMT-5	Etc/GMT-5
GMT-11	Etc/GMT-11
GMT+7	Etc/GMT+7
GMT-14	Etc/GMT-14
GMT+10	Etc/GMT+10
GMT-8	Etc/GMT-8
GMT	Etc/GMT
Greenwich	Etc/Greenwich
GMT-13	Etc/GMT-13
GMT-3	Etc/GMT-3
Iran	Iran
GB	GB
PRC	PRC
Auckland	Pacific/Auckland
Kiritimati	Pacific/Kiritimati
Marquesas	Pacific/Marquesas
Johnston	Pacific/Johnston
Pitcairn	Pacific/Pitcairn
Niue	Pacific/Niue
Rarotonga	Pacific/Rarotonga
Midway	Pacific/Midway
Kwajalein	Pacific/Kwajalein
Galapagos	Pacific/Galapagos
Wallis	Pacific/Wallis
Palau	Pacific/Palau
Port_Moresby	Pacific/Port_Moresby
Nauru	Pacific/Nauru
Guam	Pacific/Guam
Saipan	Pacific/Saipan
Kosrae	Pacific/Kosrae
Truk	Pacific/Truk
Tongatapu	Pacific/Tongatapu
Noumea	Pacific/Noumea
Norfolk	Pacific/Norfolk
Chuuk	Pacific/Chuuk
Funafuti	Pacific/Funafuti
Pago_Pago	Pacific/Pago_Pago
Tahiti	Pacific/Tahiti
Samoa	Pacific/Samoa
Yap	Pacific/Yap
Wake	Pacific/Wake
Guadalcanal	Pacific/Guadalcanal
Fiji	Pacific/Fiji
Fakaofo	Pacific/Fakaofo
Chatham	Pacific/Chatham
Pohnpei	Pacific/Pohnpei
Tarawa	Pacific/Tarawa
Apia	Pacific/Apia
Majuro	Pacific/Majuro
Enderbury	Pacific/Enderbury
Gambier	Pacific/Gambier
Honolulu	Pacific/Honolulu
Bougainville	Pacific/Bougainville
Ponape	Pacific/Ponape
Easter	Pacific/Easter
Efate	Pacific/Efate
Eire	Eire
Budapest	Europe/Budapest
Brussels	Europe/Brussels
Nicosia	Europe/Nicosia
Tallinn	Europe/Tallinn
Isle_of_Man	Europe/Isle_of_Man
Rome	Europe/Rome
Prague	Europe/Prague
Simferopol	Europe/Simferopol
Warsaw	Europe/Warsaw
Istanbul	Europe/Istanbul
Madrid	Europe/Madrid
Oslo	Europe/Oslo
Busingen	Europe/Busingen
Samara	Europe/Samara
Belfast	Europe/Belfast
Podgorica	Europe/Podgorica
Mariehamn	Europe/Mariehamn
Bucharest	Europe/Bucharest
Moscow	Europe/Moscow
Vienna	Europe/Vienna
Zurich	Europe/Zurich
Gibraltar	Europe/Gibraltar
Athens	Europe/Athens
San_Marino	Europe/San_Marino
Lisbon	Europe/Lisbon
Sofia	Europe/Sofia
Helsinki	Europe/Helsinki
Sarajevo	Europe/Sarajevo
Zagreb	Europe/Zagreb
Jersey	Europe/Jersey
Vatican	Europe/Vatican
Kirov	Europe/Kirov
Saratov	Europe/Saratov
Luxembourg	Europe/Luxembourg
Kaliningrad	Europe/Kaliningrad
Ljubljana	Europe/Ljubljana
Copenhagen	Europe/Copenhagen
Monaco	Europe/Monaco
Minsk	Europe/Minsk
Dublin	Europe/Dublin
Vilnius	Europe/Vilnius
Andorra	Europe/Andorra
Vaduz	Europe/Vaduz
Skopje	Europe/Skopje
Kiev	Europe/Kiev
Tiraspol	Europe/Tiraspol
Stockholm	Europe/Stockholm
Malta	Europe/Malta
Zaporozhye	Europe/Zaporozhye
Tirane	Europe/Tirane
Riga	Europe/Riga
Uzhgorod	Europe/Uzhgorod
London	Europe/London
Berlin	Europe/Berlin
Ulyanovsk	Europe/Ulyanovsk
Chisinau	Europe/Chisinau
Belgrade	Europe/Belgrade
Paris	Europe/Paris
Amsterdam	Europe/Amsterdam
Guernsey	Europe/Guernsey
Volgograd	Europe/Volgograd
Bratislava	Europe/Bratislava
Astrakhan	Europe/Astrakhan
NZ	NZ
EST	EST
Mountain	US/Mountain
East-Indiana	US/East-Indiana
Pacific	US/Pacific
Central	US/Central
Michigan	US/Michigan
Samoa	US/Samoa
Eastern	US/Eastern
Alaska	US/Alaska
Arizona	US/Arizona
Indiana-Starke	US/Indiana-Starke
Aleutian	US/Aleutian
Hawaii	US/Hawaii
Jamaica	Jamaica
BajaSur	Mexico/BajaSur
General	Mexico/General
BajaNorte	Mexico/BajaNorte
UTC	UTC
GMT+0	GMT+0
Sakhalin	Asia/Sakhalin
Kabul	Asia/Kabul
Calcutta	Asia/Calcutta
Kolkata	Asia/Kolkata
Pontianak	Asia/Pontianak
Yakutsk	Asia/Yakutsk
Chungking	Asia/Chungking
Almaty	Asia/Almaty
Dushanbe	Asia/Dushanbe
Nicosia	Asia/Nicosia
Manila	Asia/Manila
Ashkhabad	Asia/Ashkhabad
Ujung_Pandang	Asia/Ujung_Pandang
Choibalsan	Asia/Choibalsan
Jerusalem	Asia/Jerusalem
Novokuznetsk	Asia/Novokuznetsk
Kuching	Asia/Kuching
Khandyga	Asia/Khandyga
Istanbul	Asia/Istanbul
Gaza	Asia/Gaza
Tbilisi	Asia/Tbilisi
Yangon	Asia/Yangon
Hovd	Asia/Hovd
Macao	Asia/Macao
Harbin	Asia/Harbin
Singapore	Asia/Singapore
Tel_Aviv	Asia/Tel_Aviv
Baku	Asia/Baku
Dili	Asia/Dili
Krasnoyarsk	Asia/Krasnoyarsk
Pyongyang	Asia/Pyongyang
Qostanay	Asia/Qostanay
Barnaul	Asia/Barnaul
Ashgabat	Asia/Ashgabat
Tomsk	Asia/Tomsk
Phnom_Penh	Asia/Phnom_Penh
Ust-Nera	Asia/Ust-Nera
Macau	Asia/Macau
Amman	Asia/Amman
Magadan	Asia/Magadan
Kuwait	Asia/Kuwait
Aden	Asia/Aden
Baghdad	Asia/Baghdad
Kuala_Lumpur	Asia/Kuala_Lumpur
Omsk	Asia/Omsk
Bangkok	Asia/Bangkok
Hebron	Asia/Hebron
Famagusta	Asia/Famagusta
Bishkek	Asia/Bishkek
Damascus	Asia/Damascus
Saigon	Asia/Saigon
Chongqing	Asia/Chongqing
Ho_Chi_Minh	Asia/Ho_Chi_Minh
Oral	Asia/Oral
Chita	Asia/Chita
Yerevan	Asia/Yerevan
Tashkent	Asia/Tashkent
Irkutsk	Asia/Irkutsk
Aqtau	Asia/Aqtau
Hong_Kong	Asia/Hong_Kong
Karachi	Asia/Karachi
Shanghai	Asia/Shanghai
Novosibirsk	Asia/Novosibirsk
Riyadh	Asia/Riyadh
Vientiane	Asia/Vientiane
Urumqi	Asia/Urumqi
Samarkand	Asia/Samarkand
Jakarta	Asia/Jakarta
Kashgar	Asia/Kashgar
Taipei	Asia/Taipei
Muscat	Asia/Muscat
Ulaanbaatar	Asia/Ulaanbaatar
Beirut	Asia/Beirut
Dubai	Asia/Dubai
Srednekolymsk	Asia/Srednekolymsk
Anadyr	Asia/Anadyr
Rangoon	Asia/Rangoon
Thimbu	Asia/Thimbu
Colombo	Asia/Colombo
Kathmandu	Asia/Kathmandu
Aqtobe	Asia/Aqtobe
Atyrau	Asia/Atyrau
Thimphu	Asia/Thimphu
Tehran	Asia/Tehran
Yekaterinburg	Asia/Yekaterinburg
Brunei	Asia/Brunei
Makassar	Asia/Makassar
Qyzylorda	Asia/Qyzylorda
Dhaka	Asia/Dhaka
Dacca	Asia/Dacca
Vladivostok	Asia/Vladivostok
Jayapura	Asia/Jayapura
Seoul	Asia/Seoul
Qatar	Asia/Qatar
Bahrain	Asia/Bahrain
Katmandu	Asia/Katmandu
Kamchatka	Asia/Kamchatka
Tokyo	Asia/Tokyo
Ulan_Bator	Asia/Ulan_Bator
Kwajalein	Kwajalein
W-SU	W-SU
Cuba	Cuba
EasterIsland	Chile/EasterIsland
Continental	Chile/Continental
Singapore	Singapore
Zulu	Zulu
Macquarie	Antarctica/Macquarie
Casey	Antarctica/Casey
Troll	Antarctica/Troll
Vostok	Antarctica/Vostok
Mawson	Antarctica/Mawson
DumontDUrville	Antarctica/DumontDUrville
Rothera	Antarctica/Rothera
McMurdo	Antarctica/McMurdo
South_Pole	Antarctica/South_Pole
Palmer	Antarctica/Palmer
Syowa	Antarctica/Syowa
Davis	Antarctica/Davis
EET	EET
Portugal	Portugal
Aruba	America/Aruba
Nipigon	America/Nipigon
Miquelon	America/Miquelon
Merida	America/Merida
Goose_Bay	America/Goose_Bay
Fort_Wayne	America/Fort_Wayne
Virgin	America/Virgin
Blanc-Sablon	America/Blanc-Sablon
Shiprock	America/Shiprock
Antigua	America/Antigua
Monterrey	America/Monterrey
Yakutat	America/Yakutat
Detroit	America/Detroit
Moncton	America/Moncton
Port_of_Spain	America/Port_of_Spain
Adak	America/Adak
Monticello	America/Kentucky/Monticello
Louisville	America/Kentucky/Louisville
Cancun	America/Cancun
Jamaica	America/Jamaica
Puerto_Rico	America/Puerto_Rico
Caracas	America/Caracas
Montevideo	America/Montevideo
Montreal	America/Montreal
Juneau	America/Juneau
Guayaquil	America/Guayaquil
Inuvik	America/Inuvik
Scoresbysund	America/Scoresbysund
Dawson_Creek	America/Dawson_Creek
Port-au-Prince	America/Port-au-Prince
Grand_Turk	America/Grand_Turk
Dominica	America/Dominica
La_Paz	America/La_Paz
Thule	America/Thule
Cayman	America/Cayman
Los_Angeles	America/Los_Angeles
Louisville	America/Louisville
Knox_IN	America/Knox_IN
Santa_Isabel	America/Santa_Isabel
Tijuana	America/Tijuana
Phoenix	America/Phoenix
Nassau	America/Nassau
Guadeloupe	America/Guadeloupe
Boa_Vista	America/Boa_Vista
Asuncion	America/Asuncion
Guyana	America/Guyana
Paramaribo	America/Paramaribo
Fortaleza	America/Fortaleza
Tegucigalpa	America/Tegucigalpa
Matamoros	America/Matamoros
Maceio	America/Maceio
Managua	America/Managua
Rosario	America/Rosario
Grenada	America/Grenada
St_Lucia	America/St_Lucia
Cambridge_Bay	America/Cambridge_Bay
Atikokan	America/Atikokan
Tell_City	America/Indiana/Tell_City
Marengo	America/Indiana/Marengo
Vevay	America/Indiana/Vevay
Winamac	America/Indiana/Winamac
Petersburg	America/Indiana/Petersburg
Vincennes	America/Indiana/Vincennes
Knox	America/Indiana/Knox
Indianapolis	America/Indiana/Indianapolis
La_Rioja	America/Argentina/La_Rioja
San_Luis	America/Argentina/San_Luis
ComodRivadavia	America/Argentina/ComodRivadavia
Ushuaia	America/Argentina/Ushuaia
Rio_Gallegos	America/Argentina/Rio_Gallegos
Tucuman	America/Argentina/Tucuman
Salta	America/Argentina/Salta
Mendoza	America/Argentina/Mendoza
Buenos_Aires	America/Argentina/Buenos_Aires
Jujuy	America/Argentina/Jujuy
Catamarca	America/Argentina/Catamarca
San_Juan	America/Argentina/San_Juan
Cordoba	America/Argentina/Cordoba
Araguaina	America/Araguaina
Punta_Arenas	America/Punta_Arenas
Rankin_Inlet	America/Rankin_Inlet
Lower_Princes	America/Lower_Princes
Resolute	America/Resolute
Chicago	America/Chicago
Tortola	America/Tortola
Nome	America/Nome
Costa_Rica	America/Costa_Rica
Regina	America/Regina
Iqaluit	America/Iqaluit
Bahia	America/Bahia
Santo_Domingo	America/Santo_Domingo
Cuiaba	America/Cuiaba
Creston	America/Creston
Ojinaga	America/Ojinaga
Marigot	America/Marigot
Fort_Nelson	America/Fort_Nelson
St_Johns	America/St_Johns
Halifax	America/Halifax
Santarem	America/Santarem
Curacao	America/Curacao
Campo_Grande	America/Campo_Grande
Bahia_Banderas	America/Bahia_Banderas
Santiago	America/Santiago
Havana	America/Havana
Porto_Acre	America/Porto_Acre
Montserrat	America/Montserrat
Recife	America/Recife
Porto_Velho	America/Porto_Velho
Mendoza	America/Mendoza
Lima	America/Lima
Manaus	America/Manaus
Mexico_City	America/Mexico_City
Vancouver	America/Vancouver
Edmonton	America/Edmonton
Danmarkshavn	America/Danmarkshavn
Buenos_Aires	America/Buenos_Aires
Glace_Bay	America/Glace_Bay
El_Salvador	America/El_Salvador
Guatemala	America/Guatemala
St_Kitts	America/St_Kitts
Pangnirtung	America/Pangnirtung
New_York	America/New_York
Sitka	America/Sitka
Jujuy	America/Jujuy
Ensenada	America/Ensenada
Rio_Branco	America/Rio_Branco
Nuuk	America/Nuuk
Swift_Current	America/Swift_Current
Anchorage	America/Anchorage
Boise	America/Boise
New_Salem	America/North_Dakota/New_Salem
Beulah	America/North_Dakota/Beulah
Center	America/North_Dakota/Center
Cayenne	America/Cayenne
Catamarca	America/Catamarca
Yellowknife	America/Yellowknife
Metlakatla	America/Metlakatla
Barbados	America/Barbados
Belem	America/Belem
Mazatlan	America/Mazatlan
Hermosillo	America/Hermosillo
Sao_Paulo	America/Sao_Paulo
Atka	America/Atka
Belize	America/Belize
Eirunepe	America/Eirunepe
Coral_Harbour	America/Coral_Harbour
Bogota	America/Bogota
Rainy_River	America/Rainy_River
Panama	America/Panama
Dawson	America/Dawson
Anguilla	America/Anguilla
Menominee	America/Menominee
Thunder_Bay	America/Thunder_Bay
St_Vincent	America/St_Vincent
Kralendijk	America/Kralendijk
Martinique	America/Martinique
Toronto	America/Toronto
Chihuahua	America/Chihuahua
Godthab	America/Godthab
St_Thomas	America/St_Thomas
Whitehorse	America/Whitehorse
St_Barthelemy	America/St_Barthelemy
Noronha	America/Noronha
Winnipeg	America/Winnipeg
Cordoba	America/Cordoba
Indianapolis	America/Indianapolis
Denver	America/Denver
WET	WET
Navajo	Navajo
ROK	ROK
EST5EDT	EST5EDT
Mountain	Canada/Mountain
Pacific	Canada/Pacific
Yukon	Canada/Yukon
Central	Canada/Central
Newfoundland	Canada/Newfoundland
Eastern	Canada/Eastern
Saskatchewan	Canada/Saskatchewan
Atlantic	Canada/Atlantic
Egypt	Egypt
Hongkong	Hongkong
Factory	Factory
GMT0	GMT0
MST7MDT	MST7MDT
Freetown	Africa/Freetown
Malabo	Africa/Malabo
Cairo	Africa/Cairo
Addis_Ababa	Africa/Addis_Ababa
Ceuta	Africa/Ceuta
Casablanca	Africa/Casablanca
Abidjan	Africa/Abidjan
Tripoli	Africa/Tripoli
Tunis	Africa/Tunis
Nouakchott	Africa/Nouakchott
Khartoum	Africa/Khartoum
Algiers	Africa/Algiers
Kampala	Africa/Kampala
Bamako	Africa/Bamako
Kinshasa	Africa/Kinshasa
Ndjamena	Africa/Ndjamena
Mogadishu	Africa/Mogadishu
Lusaka	Africa/Lusaka
Niamey	Africa/Niamey
Bissau	Africa/Bissau
Asmera	Africa/Asmera
Brazzaville	Africa/Brazzaville
Maputo	Africa/Maputo
Sao_Tome	Africa/Sao_Tome
El_Aaiun	Africa/El_Aaiun
Juba	Africa/Juba
Accra	Africa/Accra
Libreville	Africa/Libreville
Harare	Africa/Harare
Douala	Africa/Douala
Lubumbashi	Africa/Lubumbashi
Bujumbura	Africa/Bujumbura
Lome	Africa/Lome
Gaborone	Africa/Gaborone
Djibouti	Africa/Djibouti
Johannesburg	Africa/Johannesburg
Porto-Novo	Africa/Porto-Novo
Timbuktu	Africa/Timbuktu
Ouagadougou	Africa/Ouagadougou
Monrovia	Africa/Monrovia
Asmara	Africa/Asmara
Conakry	Africa/Conakry
Maseru	Africa/Maseru
Windhoek	Africa/Windhoek
Blantyre	Africa/Blantyre
Dakar	Africa/Dakar
Nairobi	Africa/Nairobi
Kigali	Africa/Kigali
Bangui	Africa/Bangui
Dar_es_Salaam	Africa/Dar_es_Salaam
Lagos	Africa/Lagos
Mbabane	Africa/Mbabane
Luanda	Africa/Luanda
Banjul	Africa/Banjul
Turkey	Turkey
localtime	localtime
Madeira	Atlantic/Madeira
Canary	Atlantic/Canary
Reykjavik	Atlantic/Reykjavik
Faroe	Atlantic/Faroe
South_Georgia	Atlantic/South_Georgia
Bermuda	Atlantic/Bermuda
Jan_Mayen	Atlantic/Jan_Mayen
Cape_Verde	Atlantic/Cape_Verde
Stanley	Atlantic/Stanley
St_Helena	Atlantic/St_Helena
Azores	Atlantic/Azores
Faeroe	Atlantic/Faeroe
Iceland	Iceland
DeNoronha	Brazil/DeNoronha
East	Brazil/East
Acre	Brazil/Acre
West	Brazil/West
PST8PDT	PST8PDT
NZ-CHAT	NZ-CHAT
GB-Eire	GB-Eire
UCT	UCT
MST	MST
Longyearbyen	Arctic/Longyearbyen
GMT-0	GMT-0
Universal	Universal
Israel	Israel
Christmas	Indian/Christmas
Mahe	Indian/Mahe
Cocos	Indian/Cocos
Maldives	Indian/Maldives
Mauritius	Indian/Mauritius
Mayotte	Indian/Mayotte
Antananarivo	Indian/Antananarivo
Chagos	Indian/Chagos
Kerguelen	Indian/Kerguelen
Comoro	Indian/Comoro
Reunion	Indian/Reunion
Libya	Libya
CET	CET
Poland	Poland
ROC	ROC
GMT	GMT
Greenwich	Greenwich
Japan	Japan
Yancowinna	Australia/Yancowinna
Sydney	Australia/Sydney
Darwin	Australia/Darwin
Broken_Hill	Australia/Broken_Hill
Adelaide	Australia/Adelaide
Perth	Australia/Perth
Brisbane	Australia/Brisbane
Lord_Howe	Australia/Lord_Howe
South	Australia/South
Melbourne	Australia/Melbourne
ACT	Australia/ACT
Queensland	Australia/Queensland
West	Australia/West
Currie	Australia/Currie
NSW	Australia/NSW
Lindeman	Australia/Lindeman
Hobart	Australia/Hobart
LHI	Australia/LHI
Canberra	Australia/Canberra
Eucla	Australia/Eucla
Tasmania	Australia/Tasmania
Victoria	Australia/Victoria
North	Australia/North
MET	MET
Argentina	America/Argentina/Cordoba
Argentina	America/Argentina/Buenos_Aires
Argentina	America/Argentina/Catamarca
Argentina	America/Argentina/Jujuy
Argentina	America/Argentina/La_Rioja
Argentina	America/Argentina/Mendoza
Argentina	America/Argentina/Rio_Gallegos
Argentina	America/Argentina/Salta
Argentina	America/Argentina/San_Juan
Argentina	America/Argentina/San_Luis
Argentina	America/Argentina/Tucuman
Argentina	America/Argentina/Ushuaia
Australia	Australia/Sydney
Australia	Australia/Brisbane
Australia	Australia/Adelaide
Australia	Australia/Darwin
Australia	Australia/Perth
Australia	Australia/Eucla
Australia	Australia/Lord_Howe
Australia	Australia/Macquarie
Australia	Pacific/Norfolk
